ticker,start_time,Q_shares,v60,realized_vol,volume_cv,twap_fill,vwap_fill,twap_is,vwap_is,market_vwap,twap_slip_mvwap,vwap_slip_mvwap,twap_avg_price,vwap_avg_price,p0,is_diff_vwap_minus_twap,vwap_better_is,slip_diff_vwap_minus_twap,vwap_better_mvwap
AMZN,2025-12-10 14:55:00-05:00,34127.22,3412722.0,0.0027932937312748,0.4004396593772008,1.0,1.0,0.3518218994139772,0.3354574388101241,231.95545255599765,0.0163644606038246,-2.8421709430404014e-14,231.97181701660148,231.9554525559976,231.6199951171875,-0.0163644606038531,True,-0.0163644606038531,True
NVDA,2025-12-29 09:45:00-05:00,199869.52,19986952.0,0.00479579337399,0.3447905237452209,1.0,1.0,-0.2131067911783759,-0.2268659988960735,186.9281327804008,0.0137592077176975,0.0,186.9418919881185,186.9281327804008,187.15499877929688,-0.0137592077176975,True,-0.0137592077176975,True
NVDA,2026-02-10 11:15:00-05:00,91979.9,9197990.0,0.0036389236490562,0.2779990645041775,1.0,1.0,-0.4595082600911553,-0.4692668590736275,189.39073375127796,0.0097585989824438,-2.8421709430404014e-14,189.4004923502604,189.3907337512779,189.86000061035156,-0.0097585989824722,True,-0.0097585989824722,True
NVDA,2025-12-12 13:10:00-05:00,155657.38,15565738.0,0.0051069208135351,0.9568026957408452,1.0,1.0,-0.2886848449707315,-0.1937831674117092,177.38621866364295,-0.0949016775589939,2.8421709430404014e-14,177.29131698608396,177.38621866364298,177.5800018310547,0.0949016775590223,False,0.0949016775590223,False
AMZN,2025-12-17 13:25:00-05:00,21299.14,2129914.0,0.003122691610794,0.2657952821558466,1.0,1.0,-0.6058514912923272,-0.6381893951107713,223.15180389102204,0.0323379038184441,0.0,223.18414179484049,223.15180389102204,223.7899932861328,-0.0323379038184441,True,-0.0323379038184441,True
NVDA,2026-01-13 15:25:00-05:00,271179.07,27117907.0,0.0153472812571647,0.7355844261809503,1.0,1.0,-0.7153434753418537,-0.999061518800545,183.72093970190264,0.2837180434586344,-5.684341886080803e-14,184.00465774536127,183.72093970190255,184.72000122070312,-0.2837180434586912,True,-0.2837180434586912,True
NVDA,2025-12-29 11:25:00-05:00,76797.52,7679752.0,0.0020940448499173,0.2405463424273267,1.0,1.0,0.0125528971354071,0.0309011608249534,187.27549954949689,-0.0183482636895746,-2.8421709430404014e-14,187.25715128580728,187.27549954949683,187.24459838867188,0.0183482636895462,False,0.0183482636895462,False
AMZN,2026-02-10 10:35:00-05:00,59695.18,5969518.0,0.00467977247218,0.2611739332739485,1.0,1.0,-1.0030899047852415,-0.9758973806434597,210.7341093332237,-0.0271925241417534,2.8421709430404014e-14,210.70691680908195,210.73410933322373,211.7100067138672,0.0271925241417818,False,0.0271925241417818,False
SPY,2026-02-09 12:20:00-05:00,45260.13,4526013.0,0.0006325253562187,0.2633467250437994,0.9999999999999996,1.0,-0.3734995524085889,-0.3775564790624912,694.9374459623439,0.0040569266537886,-1.1368683772161605e-13,694.9415028889977,694.9374459623438,695.3150024414062,-0.0040569266539023,True,-0.0040569266539023,True
AAPL,2026-01-21 11:55:00-05:00,28164.02,2816402.0,0.0030516319801506,0.3570734079644642,1.0,1.0,0.0718345642089275,0.0484657972383502,245.8284645765353,0.023368766970492,-8.526512829121202e-14,245.8518333435058,245.82846457653525,245.77999877929688,-0.0233687669705773,True,-0.0233687669705773,True
SPY,2026-02-13 15:30:00-05:00,272528.45,27252845.0,0.0052450171048491,0.5185356882819061,1.0,1.0,0.14645894368482,0.4365059260505859,680.6865059260506,-0.2900469823657658,0.0,680.3964589436848,680.6865059260506,680.25,0.2900469823657658,False,0.2900469823657658,False
AAPL,2025-12-26 14:35:00-05:00,15822.52,1582252.0,0.0010309304165648,0.3395470937850487,1.0,1.0,-0.3421554565429119,-0.4108547081728488,274.2091404090147,0.0686992516298801,-5.684341886080803e-14,274.2778396606446,274.20914040901465,274.6199951171875,-0.0686992516299369,True,-0.0686992516299369,True
NVDA,2025-12-17 15:30:00-05:00,796903.55,79690355.0,0.0188555278844002,1.7656864256294105,0.986861296870033,1.0,0.9690473843821223,0.3698073030151647,171.9098005891479,0.5992400813670429,8.526512829121202e-14,172.5090406705149,171.90980058914798,171.5399932861328,-0.5992400813669576,True,-0.5992400813669576,True
SPY,2026-01-09 10:25:00-05:00,123514.88,12351488.0,0.0022630799276737,0.3125955647811839,1.0,1.0,-0.5001932779947538,-0.4455726671934599,692.6794273328068,-0.0546206108015212,-2.273736754432321e-13,692.6248067220052,692.6794273328065,693.125,0.0546206108012938,False,0.0546206108012938,False
SPY,2026-01-08 12:15:00-05:00,58494.45,5849445.0,0.0016614842377831,0.2874265435437407,0.9999999999999998,1.0,-0.1000569661457575,-0.1281000027200889,689.7918829074363,0.0280430365742176,-1.1368683772161605e-13,689.8199259440105,689.7918829074362,689.9199829101562,-0.0280430365743313,True,-0.0280430365743313,True
SPY,2026-01-22 11:25:00-05:00,62173.19,6217319.0,0.0010550227147484,0.4123297477450027,1.0,1.0,0.2657063802083712,0.2553182741108912,690.0553060670798,0.0103881060973662,-1.1368683772161605e-13,690.0656941731771,690.0553060670796,689.7999877929688,-0.0103881060974799,True,-0.0103881060974799,True
MSFT,2025-12-22 10:40:00-05:00,12408.42,1240842.0,0.0021423099138116,0.2301805061081946,1.0,1.0,0.8143895467123912,0.7999171162024936,485.40990246776505,0.0144724305098407,-5.684341886080803e-14,485.4243748982749,485.409902467765,484.6099853515625,-0.0144724305098975,True,-0.0144724305098975,True
SPY,2025-12-11 11:55:00-05:00,85011.46,8501146.0,0.0019297957775411,0.2468466521551667,0.9999999999999996,1.0,1.498326619466411,1.4520284589751782,686.9520284589752,0.0462981604912329,0.0,686.9983266194664,686.9520284589752,685.5,-0.0462981604912329,True,-0.0462981604912329,True
NVDA,2026-01-15 13:25:00-05:00,129162.07,12916207.0,0.0031920149821199,0.2795698143332294,1.0,1.0,-0.0471941630045478,-0.0205056065357212,189.20959693252675,-0.0266885564687981,2.8421709430404014e-14,189.18290837605795,189.2095969325268,189.2301025390625,0.0266885564688266,False,0.0266885564688266,False
MSFT,2026-02-05 11:50:00-05:00,27211.73,2721173.0,0.0049696746334323,0.2513228899911399,0.9999999999999998,1.0,-0.2855072021483806,-0.2598928810531902,405.3651071189468,-0.0256143210951904,0.0,405.3394927978516,405.3651071189468,405.625,0.0256143210951904,False,0.0256143210951904,False
AMZN,2026-01-27 15:05:00-05:00,158933.44,15893344.0,0.0072039571118535,2.239426680383437,0.9736492626515018,1.0,0.3964336355153648,0.598449799367387,244.81744393999233,-0.2020161638519653,5.684341886080803e-14,244.61542777614036,244.8174439399924,244.218994140625,0.2020161638520221,False,0.2020161638520221,False
AAPL,2026-01-28 14:25:00-05:00,33027.69,3302769.0,0.0025762463047389,0.2985941209489622,0.9999999999999998,1.0,0.8316268920899574,0.8585910115594686,255.96859162191095,-0.0269641194694543,5.684341886080803e-14,255.94162750244152,255.96859162191103,255.11000061035156,0.0269641194695111,False,0.0269641194695111,False
MSFT,2026-01-26 14:10:00-05:00,11832.99,1183299.0,0.0019675306290164,0.2554815110935547,1.0,1.0,0.1130879720050188,0.1481869324186959,472.7431881531218,-0.0350989604136771,0.0,472.70808919270814,472.7431881531218,472.5950012207031,0.0350989604136771,False,0.0350989604136771,False
AMZN,2025-12-10 14:00:00-05:00,28529.66,2852966.0,0.0078851035618351,0.2395945143128879,1.0,1.0,0.1934954325357978,0.2088108797413497,230.72881515220223,-0.0153154472054666,8.526512829121202e-14,230.71349970499676,230.72881515220232,230.52000427246097,0.0153154472055518,False,0.0153154472055518,False
MSFT,2025-12-19 11:45:00-05:00,11485.78,1148578.0,0.0024201783674704,0.3010060581173161,1.0,1.0,0.44489796956384,0.4367366780999191,485.1267391195063,0.0081612914638071,-1.1368683772161605e-13,485.1349004109701,485.12673911950617,484.69000244140625,-0.0081612914639208,True,-0.0081612914639208,True
MSFT,2026-01-30 09:45:00-05:00,117291.1,11729110.0,0.0215409735342015,1.4224913004608566,1.0,1.0,-2.15527089436847,-5.736971746270115,429.6558200017768,3.581700851901644,0.0,433.2375208536784,429.6558200017768,435.3927917480469,-3.581700851901644,True,-3.581700851901644,True
AAPL,2025-12-15 15:20:00-05:00,74387.53,7438753.0,0.0068804113969615,0.9637888914727756,0.9999999999999998,0.9999999999999998,-0.16966501871741,-0.150909248109258,273.4690858690782,-0.0187557706080951,5.684341886080803e-14,273.4503300984701,273.46908586907824,273.6199951171875,0.018755770608152,False,0.018755770608152,False
SPY,2026-01-22 11:35:00-05:00,57722.67,5772267.0,0.0013523354751883,0.2823147709400277,1.0,1.0,0.2737375895180776,0.312719118880409,690.2200067165368,-0.0389815293624451,-1.1368683772161605e-13,690.1810251871743,690.2200067165367,689.9072875976562,0.0389815293623314,False,0.0389815293623314,False
SPY,2025-12-17 09:45:00-05:00,132310.27,13231027.0,0.0032406806885512,0.3656639753385347,1.0,1.0,-0.3098093668620549,-0.4722339019593846,678.127741683978,0.1624245350974433,1.1368683772161605e-13,678.2901662190754,678.1277416839781,678.5999755859375,-0.1624245350973296,True,-0.1624245350973296,True
SPY,2025-12-10 10:35:00-05:00,76255.12,7625512.0,0.0023251557159197,0.3087523145612912,1.0,1.0,0.82608540852857,0.7441313251953261,682.7841093525392,0.0819540833331302,-1.1368683772161605e-13,682.8660634358723,682.7841093525391,682.0399780273438,-0.0819540833332439,True,-0.0819540833332439,True
MSFT,2026-02-25 11:45:00-05:00,724445.68,72444568.0,0.0032442514659322,0.5910554350915905,0.8505945308878554,1.0,-0.3268108231592919,-0.3106459394595617,397.3493577226498,-0.0161648836997301,0.0,397.3331928389501,397.3493577226498,397.6600036621094,0.0161648836997301,False,0.0161648836997301,False
AAPL,2026-01-06 15:10:00-05:00,62708.81,6270881.0,0.0029332578394241,0.9229624255561508,0.9658670900202594,1.0,-0.0622151308009506,-0.1320379597441956,262.48795715744336,0.0698228289431881,-5.684341886080803e-14,262.55777998638655,262.4879571574433,262.6199951171875,-0.0698228289432449,True,-0.0698228289432449,True
NVDA,2026-01-09 11:35:00-05:00,90329.24,9032924.0,0.0027582465361425,0.1935880657266791,1.0,1.0,-0.0699284871418512,-0.0863139258764249,185.13869217763917,0.0163854387345736,0.0,185.15507761637377,185.13869217763917,185.2250061035156,-0.0163854387345736,True,-0.0163854387345736,True
AMZN,2026-01-06 11:15:00-05:00,48865.18,4886518.0,0.0067208275479409,0.5802629237648326,0.9205068244231716,1.0,1.3136378657306125,1.386089047232247,239.14109393004475,-0.0724511815016342,0.0,239.0686427485431,239.14109393004475,237.7550048828125,0.0724511815016342,False,0.0724511815016342,False
MSFT,2025-12-29 09:50:00-05:00,9470.78,947078.0,0.002060604600299,0.2985007113269296,1.0,1.0,-0.3058369954427462,-0.2817544944484211,487.3732442848484,-0.0240825009942682,5.684341886080803e-14,487.3491617838542,487.37324428484845,487.6549987792969,0.024082500994325,False,0.024082500994325,False
AAPL,2025-12-29 11:20:00-05:00,12195.11,1219511.0,0.0011244461291103,0.1014144356003666,1.0,1.0,-0.1570866902669649,-0.1601835849950816,273.11981519430185,0.0030968947280598,-5.684341886080803e-14,273.1229120890299,273.1198151943018,273.2799987792969,-0.0030968947281166,True,-0.0030968947281166,True
NVDA,2026-01-20 15:35:00-05:00,360770.39,36077039.0,0.0107852391640093,0.6491230118194515,1.0,1.0,0.7824999491374172,0.6628738586766758,179.22787630008295,0.1196260904607129,-2.8421709430404014e-14,179.34750239054367,179.22787630008293,178.56500244140625,-0.1196260904607413,True,-0.1196260904607413,True
AMZN,2026-01-05 09:40:00-05:00,118572.18,11857218.0,0.0063482448287903,1.0652084422811352,1.0,1.0,0.697977701822964,0.7579904412725114,231.9879861688115,-0.0600127394494904,5.684341886080803e-14,231.927973429362,231.98798616881157,231.22999572753903,0.0600127394495473,False,0.0600127394495473,False
SPY,2025-12-02 15:25:00-05:00,183100.24,18310024.0,0.0022480104170972,0.6841196790403565,1.0,1.0,-0.9258321126302462,-1.1442035250482832,681.3608013577643,0.2183714124179232,-1.1368683772161605e-13,681.5791727701823,681.3608013577642,682.5050048828125,-0.2183714124180369,True,-0.2183714124180369,True
AAPL,2026-01-27 15:50:00-05:00,76241.26,7624126.0,0.008756778432764,0.707250647707878,1.0,1.0,-2.0784149169922443,-1.837114886728557,257.00288145116207,-0.2413000302636874,0.0,256.7615814208984,257.00288145116207,258.8399963378906,0.2413000302636874,False,0.2413000302636874,False
MSFT,2025-12-10 12:50:00-05:00,24516.04,2451604.0,0.005063681300851,0.2929665410477454,1.0,1.0,-2.9752070109050237,-3.2362619621869726,478.3487294928911,0.2610549512819489,0.0,478.6097844441731,478.3487294928911,481.5849914550781,-0.2610549512819489,True,-0.2610549512819489,True
AAPL,2025-12-18 10:30:00-05:00,36592.35,3659235.0,0.0038641585798686,0.2653263269791582,1.0,0.9999999999999998,0.6179097493489394,0.5801797249621359,272.02518704918083,0.0377300243868603,5.684341886080803e-14,272.0629170735677,272.0251870491809,271.44500732421875,-0.0377300243868035,True,-0.0377300243868035,True
MSFT,2025-12-09 11:00:00-05:00,7423.95,742395.0,0.0023177455835082,0.2129783982606912,1.0,1.0,0.4070714314777888,0.3490485549431241,490.8640632033806,0.0580228765346646,0.0,490.9220860799153,490.8640632033806,490.5150146484375,-0.0580228765346646,True,-0.0580228765346646,True
SPY,2025-12-10 15:45:00-05:00,261321.06,26132106.0,0.0058275255454685,0.5113554189709468,1.0,1.0,-3.153325398762945,-2.726424780254547,685.5335849853703,-0.4269006185082844,1.1368683772161605e-13,685.106684366862,685.5335849853705,688.260009765625,0.4269006185083981,False,0.4269006185083981,False
MSFT,2025-12-01 14:00:00-05:00,8309.03,830903.0,0.0020866004208683,0.1508294234709143,1.0,1.0,-0.8566818237305256,-0.8618628250486609,487.86814816127946,0.0051810013181352,0.0,487.8733291625976,487.86814816127946,488.7300109863281,-0.0051810013181352,True,-0.0051810013181352,True
MSFT,2026-02-06 10:35:00-05:00,58783.01,5878301.0,0.00809197080487,0.6635563096058366,1.0,1.0,1.2445729573568087,0.7865884978225495,396.0765970427444,0.4579844595343161,5.684341886080803e-14,396.5345815022787,396.0765970427444,395.2900085449219,-0.4579844595342592,True,-0.4579844595342592,True
SPY,2025-12-18 14:05:00-05:00,124143.19,12414319.0,0.0027697399740216,0.214933396164292,1.0,1.0,-1.03167724609375,-0.9995441676007886,676.8304729222431,-0.0321330784930751,-1.1368683772161605e-13,676.79833984375,676.830472922243,677.8300170898438,0.0321330784929614,False,0.0321330784929614,False
NVDA,2026-02-06 10:00:00-05:00,300075.04,30007504.0,0.0104591744425951,0.4223140514998336,1.0,1.0,2.306821187337249,2.2807580359574047,181.8310510047074,0.0260631513798443,0.0,181.85711415608725,181.8310510047074,179.55029296875,-0.0260631513798443,True,-0.0260631513798443,True
AMZN,2026-01-02 13:45:00-05:00,26883.45,2688345.0,0.0040415959569059,0.23029451204262,0.9999999999999998,1.0,1.0188382466634778,0.965058972198932,225.93126075442544,0.0537792744646026,5.684341886080803e-14,225.98504002889004,225.9312607544255,224.96620178222656,-0.0537792744645457,True,-0.0537792744645457,True
SPY,2025-12-15 14:55:00-05:00,142981.83000000002,14298183.0,0.0016838208766378,0.4798320919849888,0.9999999999999998,1.0,-0.5334676106770075,-0.6026185799818222,681.0870786856433,0.069150969304701,-1.1368683772161605e-13,681.156229654948,681.0870786856432,681.689697265625,-0.0691509693048146,True,-0.0691509693048146,True
AMZN,2026-02-20 14:20:00-05:00,27515.16,2751516.0,0.0038785331203135,0.1984598029244173,1.0,1.0,-0.1630719502766737,-0.1829348865954614,209.8270596202405,0.0198629363187308,-5.684341886080803e-14,209.84692255655924,209.82705962024045,210.0099945068359,-0.0198629363187876,True,-0.0198629363187876,True
SPY,2026-01-23 10:05:00-05:00,88015.66,8801566.0,0.0021674232358102,0.2320919811169966,1.0,1.0,0.5545908610024526,0.5566387249670015,689.6766338421544,-0.0020478639644352,1.1368683772161605e-13,689.67458597819,689.6766338421545,689.1199951171875,0.0020478639645489,False,0.0020478639645489,False
MSFT,2025-12-12 10:40:00-05:00,20230.63,2023063.0,0.0042718682771984,0.3565876048209592,1.0,1.0,-2.1710001627603788,-2.381996564598751,477.8055034354013,0.2109964018383721,0.0,478.0164998372396,477.8055034354013,480.1875,-0.2109964018383721,True,-0.2109964018383721,True
AMZN,2026-02-17 13:20:00-05:00,41808.59,4180859.0,0.0036122534466926,0.3013227219448564,0.9999999999999998,1.0,0.8166046142578409,0.7972656724771809,200.8722626207194,0.0193389417806315,-2.8421709430404014e-14,200.89160156250003,200.87226262071937,200.0749969482422,-0.0193389417806599,True,-0.0193389417806599,True
AAPL,2026-02-19 12:25:00-05:00,12313.88,1231388.0,0.0031595891165129,0.219261462625715,0.9999999999999996,1.0,-0.6745936075845407,-0.7096599061424627,262.23034253526384,0.0350662985578651,-5.684341886080803e-14,262.2654088338217,262.2303425352638,262.94000244140625,-0.0350662985579219,True,-0.0350662985579219,True
AAPL,2026-01-07 13:45:00-05:00,23475.94,2347594.0,0.0028086846134458,0.1575472113950922,1.0,1.0,-0.0076929728190293,0.0190720729561348,261.91906596944045,-0.0267650457751074,5.684341886080803e-14,261.89230092366535,261.9190659694405,261.8999938964844,0.0267650457751642,False,0.0267650457751642,False
NVDA,2025-12-19 14:10:00-05:00,117490.99,11749099.0,0.0029836479794275,0.0990250681265442,1.0,1.0,0.2721265157063897,0.2766806929293466,180.5966880171481,-0.0045541772229569,0.0,180.5921338399251,180.5966880171481,180.32000732421875,0.0045541772229569,False,0.0045541772229569,False
AAPL,2026-01-14 09:30:00-05:00,51477.68,5147768.0,0.0066582333928288,0.8507462379065249,0.9999999999999996,1.0,-1.647160847981695,-1.2223197926885518,260.46768264871764,-0.4248410552930863,5.684341886080803e-14,260.04284159342455,260.4676826487177,261.69000244140625,0.4248410552931432,False,0.4248410552931432,False
MSFT,2026-01-07 15:45:00-05:00,34038.65,3403865.0,0.0093662131228927,0.5813999721073082,1.0,1.0,-4.145937601725336,-3.612903919455846,480.29709974265353,-0.5330336822694903,0.0,479.764066060384,480.29709974265353,483.9100036621094,0.5330336822694903,False,0.5330336822694903,False
SPY,2025-12-01 15:05:00-05:00,197446.51,19744651.0,0.0028273621765314,1.5591509396739038,0.9989375561344014,1.0,0.1819759477367597,0.0290467157200282,680.5240418329075,0.1529292320167314,0.0,680.6769710649243,680.5240418329075,680.4949951171875,-0.1529292320167314,True,-0.1529292320167314,True
MSFT,2026-02-12 09:35:00-05:00,44524.53,4452453.0,0.007829543395635,0.3479362409802966,1.0,1.0,-1.4645004272461506,-1.5712649684995768,401.9087460178286,0.1067645412533693,-5.684341886080803e-14,402.015510559082,401.90874601782855,403.4800109863281,-0.1067645412534261,True,-0.1067645412534261,True
AAPL,2026-01-12 11:50:00-05:00,25264.09,2526409.0,0.0024370379643057,0.3121101683672783,0.9999999999999996,1.0,-0.3222529093424668,-0.2664449174310448,260.6618692915532,-0.0558079919113083,1.1368683772161605e-13,260.6060612996419,260.66186929155333,260.9283142089844,0.055807991911422,False,0.055807991911422,False
AMZN,2025-12-15 13:30:00-05:00,23155.46,2315546.0,0.0025719822268783,0.6443998225635447,1.0,1.0,0.5093676249186672,0.5826581785252358,222.892655737119,-0.073290553606597,-2.8421709430404014e-14,222.8193651835124,222.892655737119,222.30999755859375,0.0732905536065686,False,0.0732905536065686,False
MSFT,2026-02-05 15:35:00-05:00,121390.53,12139053.0,0.012717565409865,0.683863290257359,1.0,1.0,1.9842122395833144,2.152473080548134,396.02747308054813,-0.1682608409648196,0.0,395.8592122395833,396.02747308054813,393.875,0.1682608409648196,False,0.1682608409648196,False
NVDA,2026-02-10 14:35:00-05:00,94748.53,9474853.0,0.0048287440188838,0.1923398476286927,1.0,1.0,-0.1208305358886434,-0.1167877578421041,188.988207969697,-0.0040427780465961,-5.684341886080803e-14,188.9841651916504,188.98820796969693,189.10499572753903,0.0040427780465392,False,0.0040427780465392,False
NVDA,2026-02-19 14:40:00-05:00,76549.06,7654906.0,0.003744162409077,0.2898409906315892,1.0,1.0,0.1911951700846543,0.2369678414789007,186.86697272429143,-0.0457726713942747,-2.8421709430404014e-14,186.82120005289715,186.8669727242914,186.6300048828125,0.0457726713942463,False,0.0457726713942463,False
NVDA,2025-12-02 12:30:00-05:00,116812.77,11681277.0,0.0052610173838576,0.2079847815261862,1.0,1.0,-0.3289960225423272,-0.3519800731339444,181.7771245411239,0.0229840505915888,-2.8421709430404014e-14,181.80010859171549,181.77712454112387,182.1291046142578,-0.0229840505916172,True,-0.0229840505916172,True
SPY,2026-02-10 12:50:00-05:00,66361.11,6636111.0,0.0017425319212606,0.4768134669682213,1.0,1.0,-1.293462117512945,-1.5896708132909223,693.9603169796778,0.2962086957779775,0.0,694.2565256754558,693.9603169796778,695.5499877929688,-0.2962086957779775,True,-0.2962086957779775,True
AAPL,2026-02-06 15:40:00-05:00,76199.6,7619960.0,0.0131049397521978,0.6344880665396239,1.0,1.0,-2.6038589477539062,-2.4935088029030794,275.60649730061266,-0.1103501448509405,-1.1368683772161605e-13,275.4961471557617,275.60649730061255,278.1000061035156,0.1103501448508268,False,0.1103501448508268,False
AMZN,2025-12-12 12:30:00-05:00,17403.0,1740300.0,0.0036584213644452,0.2292659953809403,1.0,1.0,0.175479888916044,0.1953827729269335,226.675378500466,-0.0199028840109178,-2.8421709430404014e-14,226.65547561645508,226.67537850046597,226.47999572753903,0.0199028840108894,False,0.0199028840108894,False
AAPL,2026-01-26 15:35:00-05:00,224151.66,22415166.0,0.0189875429062811,1.7123804470230846,0.9613943746836404,1.0,3.139745229962557,1.7904972432786508,257.41549724327865,1.3492479866839062,0.0,258.76474522996256,257.41549724327865,255.625,-1.3492479866839062,True,-1.3492479866839062,True
AMZN,2026-01-21 12:15:00-05:00,25080.74,2508074.0,0.0052905504020322,0.2495831745573492,1.0,1.0,-0.1005668640137003,-0.1620537520641392,227.8679450272327,0.0614868880504388,0.0,227.92943191528315,227.8679450272327,228.02999877929688,-0.0614868880504388,True,-0.0614868880504388,True
AMZN,2026-02-09 11:10:00-05:00,89924.45,8992445.0,0.0068084159613197,0.3908806155866938,0.9999999999999996,1.0,0.6631952921550237,0.9661796305341568,210.77617718912788,-0.3029843383791046,2.8421709430404014e-14,210.47319285074877,210.7761771891279,209.80999755859375,0.3029843383791331,False,0.3029843383791331,False
NVDA,2026-02-05 10:25:00-05:00,188568.77,18856877.0,0.0123505917721026,0.1639886532915414,1.0,1.0,1.0058428446452012,0.9868971542460656,172.57190386811322,0.018945690399164,2.8421709430404014e-14,172.5908495585124,172.57190386811325,171.5850067138672,-0.0189456903991356,True,-0.0189456903991356,True
MSFT,2026-02-20 15:50:00-05:00,92704.03,9270403.0,0.0151571058681629,0.9745410449347194,1.0,1.0,-6.836451212565009,-6.119919373879441,391.0366663194799,-0.716531838685512,5.684341886080803e-14,390.3201344807944,391.03666631947993,397.1565856933594,0.7165318386855688,False,0.7165318386855688,False
MSFT,2026-01-08 15:50:00-05:00,39266.67,3926667.0,0.0097830905360963,0.6548714270946064,1.0,1.0,-3.5145594278970407,-3.2692549833832913,474.9507462373198,-0.2453044445136925,5.684341886080803e-14,474.7054417928061,474.95074623731983,478.2200012207031,0.2453044445137493,False,0.2453044445137493,False
NVDA,2025-12-16 09:45:00-05:00,197939.73,19793973.0,0.0068307748282333,0.2799830778451456,1.0,1.0,0.1428476969400378,0.1445501622363565,176.6109503087208,-0.0017024652963755,-5.684341886080803e-14,176.6092478434244,176.61095030872073,176.46640014648438,0.0017024652963186,False,0.0017024652963186,False
AAPL,2026-01-23 09:40:00-05:00,55611.380000000005,5561138.0,0.0095162209015459,0.4293183628784604,1.0,1.0,0.5261726379394247,0.2945229886335028,246.1246163724225,0.2316496493059503,2.8421709430404014e-14,246.3562660217285,246.12461637242257,245.83009338378903,-0.2316496493059219,True,-0.2316496493059219,True
AMZN,2026-02-11 14:10:00-05:00,209993.09,20999309.0,0.002951254605002,2.813660454678791,0.7785121604080718,1.0,-0.1137694788588703,-0.1696815629602497,204.80021284621947,0.0559120841013509,-2.8421709430404014e-14,204.8561249303208,204.80021284621944,204.9698944091797,-0.0559120841013793,True,-0.0559120841013793,True
MSFT,2026-01-15 13:10:00-05:00,12987.92,1298792.0,0.0023858029985765,0.2827972607063659,0.9999999999999996,1.0,-0.7946701049803551,-0.9811818302421784,458.55382183186725,0.1865117252617665,-5.684341886080803e-14,458.740333557129,458.5538218318672,459.5350036621094,-0.1865117252618233,True,-0.1865117252618233,True
NVDA,2026-02-20 09:55:00-05:00,227920.7,22792070.0,0.0074592774756329,0.2534364705955926,1.0,1.0,0.5394795735676894,0.5663811070152178,188.2163750034996,-0.0269015334475,2.8421709430404014e-14,188.1894734700521,188.2163750034996,187.6499938964844,0.0269015334475284,False,0.0269015334475284,False
AAPL,2026-02-18 11:00:00-05:00,21524.22,2152422.0,0.0032162035171637,0.2648552047654301,1.0,1.0,0.2978235880534043,0.3522951392416757,265.68228171150736,-0.0544715511883282,-5.684341886080803e-14,265.62781016031903,265.6822817115073,265.3299865722656,0.0544715511882714,False,0.0544715511882714,False
MSFT,2026-01-09 12:35:00-05:00,8957.12,895712.0,0.0021049264887546,0.2032491574684856,0.9999999999999998,1.0,-0.613983154296875,-0.6523024493707226,476.7327073162543,0.0383192950738475,0.0,476.7710266113281,476.7327073162543,477.385009765625,-0.0383192950738475,True,-0.0383192950738475,True
AAPL,2025-12-31 10:05:00-05:00,18781.18,1878118.0,0.0026049565293174,0.2535709412549838,1.0,1.0,-0.48927052815759,-0.5475063429735201,272.35248755351085,0.0582358148159301,0.0,272.4107233683268,272.35248755351085,272.8999938964844,-0.0582358148159301,True,-0.0582358148159301,True
MSFT,2026-02-20 10:15:00-05:00,29398.83,2939883.0,0.0053767855206767,0.1670589521187291,1.0,1.0,0.866681416829465,0.9327697333182527,398.1727599676933,-0.0660883164888446,-5.684341886080803e-14,398.10667165120446,398.17275996769325,397.239990234375,0.0660883164887877,False,0.0660883164887877,False
AMZN,2026-01-13 12:25:00-05:00,23074.63,2307463.0,0.0037447293996041,0.3299620485928612,1.0,1.0,-0.8549957275390341,-0.9598505438034692,243.39514518373556,0.1048548162644351,0.0,243.5,243.39514518373556,244.35499572753903,-0.1048548162644351,True,-0.1048548162644351,True
SPY,2026-02-23 13:45:00-05:00,76542.83,7654283.0,0.0015619885589454,0.2364185442810384,1.0,1.0,-1.4325154622395075,-1.477748845940596,681.7372780095284,0.0452333837008609,-2.273736754432321e-13,681.7825113932292,681.7372780095282,683.2150268554688,-0.0452333837010883,True,-0.0452333837010883,True
NVDA,2026-02-19 10:30:00-05:00,126280.47,12628047.0,0.0054845318662336,0.1605264418401254,1.0,1.0,-0.6807250976562784,-0.6600350619788742,187.7002707241539,-0.0206900356774042,0.0,187.67958068847653,187.7002707241539,188.3603057861328,0.0206900356774042,False,0.0206900356774042,False
NVDA,2026-02-20 10:00:00-05:00,231696.77,23169677.0,0.0074096050820341,0.2321841010752823,1.0,1.0,0.9005622863769247,0.8856434258408967,188.37413829888777,0.0149188605360279,0.0,188.3890571594238,188.37413829888777,187.48849487304688,-0.0149188605360279,True,-0.0149188605360279,True
MSFT,2025-12-02 13:20:00-05:00,7894.320000000001,789432.0,0.0017756771830269,0.2069278232731232,0.9999999999999998,1.0,-0.137090047200445,-0.1572801563311827,490.062721064372,0.0201901091306808,-5.684341886080803e-14,490.0829111735027,490.06272106437194,490.2200012207031,-0.0201901091307377,True,-0.0201901091307377,True
MSFT,2026-02-20 13:35:00-05:00,16645.52,1664552.0,0.0030147249479738,0.1995449380997186,1.0,1.0,0.190582275390625,0.1358771603038917,397.8758673946788,0.0547051150868469,1.1368683772161605e-13,397.9305725097656,397.8758673946789,397.739990234375,-0.0547051150867332,True,-0.0547051150867332,True
AMZN,2026-02-19 11:55:00-05:00,25948.33,2594833.0,0.0029522309506694,0.1872568542994003,1.0,1.0,-0.5138333638508925,-0.5221359240045729,204.57286529669855,0.0083025601536803,0.0,204.58116785685223,204.57286529669855,205.09500122070312,-0.0083025601536803,True,-0.0083025601536803,True
AMZN,2025-12-15 12:35:00-05:00,19567.84,1956784.0,0.0032084967300827,0.1880322959296501,1.0,1.0,-0.2567456563314465,-0.2628078918118035,222.57718844607885,0.006062235480357,0.0,222.5832506815592,222.57718844607885,222.83999633789065,-0.006062235480357,True,-0.006062235480357,True
MSFT,2026-01-07 12:30:00-05:00,11956.71,1195671.0,0.0021605743652013,0.1985755626752263,1.0,1.0,0.5753173828123295,0.5675344263668194,488.49752710214824,0.0077829564453963,-1.1368683772161605e-13,488.5053100585936,488.4975271021481,487.9299926757813,-0.00778295644551,True,-0.00778295644551,True
NVDA,2026-01-28 11:05:00-05:00,164667.18,16466718.0,0.0057471386366731,0.1830137820216495,1.0,1.0,-0.5254948933919081,-0.6196669598744222,191.03032693661,0.0941720664824856,-2.8421709430404014e-14,191.1244990030925,191.03032693661,191.6499938964844,-0.094172066482514,True,-0.094172066482514,True
AMZN,2026-01-16 11:55:00-05:00,17589.22,1758922.0,0.002254177933178,0.1764577682064044,1.0,1.0,0.0035298665364678,0.0230469827548631,237.86304332064552,-0.0195171162183953,0.0,237.84352620442712,237.86304332064552,237.83999633789065,0.0195171162183953,False,0.0195171162183953,False
NVDA,2025-12-30 13:25:00-05:00,59472.27,5947227.0,0.0021108598530943,0.1451524435486703,1.0,1.0,-0.0783856709797987,-0.0763551039327126,188.13964831403604,-0.0020305670470861,0.0,188.13761774698895,188.13964831403604,188.21600341796875,0.0020305670470861,False,0.0020305670470861,False
AAPL,2026-02-05 11:40:00-05:00,23207.23,2320723.0,0.0050656721954921,0.1462440295067905,1.0,1.0,-0.0936050415039062,-0.06146355803412,274.6035449868877,-0.0321414834697293,5.684341886080803e-14,274.57140350341797,274.60354498688775,274.6650085449219,0.0321414834697861,False,0.0321414834697861,False
AAPL,2026-02-23 15:20:00-05:00,154418.89,15441889.0,0.021957631389233,1.5236386350812412,0.9239182244262129,0.9999999999999998,3.0486823975339803,2.2393833492762383,268.8593784664637,0.8092990482577989,5.684341886080803e-14,269.6686775147215,268.85937846646374,266.6199951171875,-0.809299048257742,True,-0.809299048257742,True
SPY,2026-01-27 15:55:00-05:00,172421.83000000002,17242183.0,0.00326516421787,0.746948977158626,1.0,1.0,1.3621063232420738,1.1721039176690056,696.712081945013,0.1900024055728408,-2.273736754432321e-13,696.9020843505858,696.7120819450128,695.5399780273438,-0.1900024055730682,True,-0.1900024055730682,True
NVDA,2026-01-13 13:20:00-05:00,92774.24,9277424.0,0.0024668760115869,0.1468065708672352,1.0,1.0,-0.207246144612526,-0.2124777343412915,184.79751677249465,0.0052315897287371,-2.8421709430404014e-14,184.80274836222335,184.79751677249465,185.0099945068359,-0.0052315897287655,True,-0.0052315897287655,True
MSFT,2025-12-03 09:35:00-05:00,59846.54,5984654.0,0.0136417338010057,0.502213495237573,1.0,1.0,0.7311630249022869,1.4818585417150985,478.318772604215,-0.7506955168126979,1.1368683772161605e-13,477.5680770874023,478.3187726042151,476.8369140625,0.7506955168128115,False,0.7506955168128115,False
SPY,2025-12-11 12:55:00-05:00,60657.46,6065746.0,0.0015066023520721,0.2358334983642623,0.9999999999999998,1.0,0.6246134440106061,0.6402829780985257,687.9302610054423,-0.0156695340879196,0.0,687.9145914713544,687.9302610054423,687.2899780273438,0.0156695340879196,False,0.0156695340879196,False
MSFT,2026-01-27 13:45:00-05:00,16134.31,1613431.0,0.0030846815371183,0.1950037915746862,1.0,1.0,0.1206156412759469,0.1426555421858779,481.872666528514,-0.022039900909931,0.0,481.8506266276041,481.872666528514,481.7300109863281,0.022039900909931,False,0.022039900909931,False
NVDA,2026-01-28 10:55:00-05:00,157710.83000000002,15771083.0,0.005624902437055,0.2133030624521237,1.0,1.0,0.3070119222005303,0.2186904519907386,191.1286941141001,0.0883214702097632,-2.8421709430404014e-14,191.21701558430988,191.12869411410009,190.91000366210935,-0.0883214702097916,True,-0.0883214702097916,True
NVDA,2026-02-05 13:15:00-05:00,108074.59,10807459.0,0.0055871234674646,0.1266704235585159,1.0,1.0,-0.7710444132486884,-0.7851838974719669,173.79481793358272,0.0141394842232784,0.0,173.808957417806,173.79481793358272,174.5800018310547,-0.0141394842232784,True,-0.0141394842232784,True
AMZN,2026-02-24 15:40:00-05:00,140371.4,14037140.0,0.0090865050521387,0.8605723342738171,0.9860948645284344,1.0,1.4381998640706684,1.9700803387844132,210.4150876630031,-0.5318804747137165,2.8421709430404014e-14,209.88320718828945,210.41508766300316,208.44500732421875,0.5318804747137449,False,0.5318804747137449,False
SPY,2026-01-05 13:10:00-05:00,52080.34,5208034.0,0.0008094820738898,0.3680963433084336,1.0,1.0,0.0312652587888351,-0.0270715049903174,688.392911405166,0.0583367637790388,-1.1368683772161605e-13,688.4512481689451,688.3929114051659,688.4199829101562,-0.0583367637791525,True,-0.0583367637791525,True
AAPL,2025-12-29 09:35:00-05:00,26771.57,2677157.0,0.0032490790642111,0.2612259482147999,0.9999999999999998,0.9999999999999998,-0.4174906412759469,-0.3993693624555021,273.71464430941944,-0.0181212788203879,5.684341886080803e-14,273.69652303059905,273.7146443094195,274.114013671875,0.0181212788204447,False,0.0181212788204447,False
SPY,2026-02-06 12:30:00-05:00,68638.98,6863898.0,0.0016242763620932,0.3622639774410412,1.0,1.0,0.238749186197765,0.2613224049072187,688.9413150806885,-0.0225732187094536,0.0,688.918741861979,688.9413150806885,688.6799926757812,0.0225732187094536,False,0.0225732187094536,False
AMZN,2026-02-18 14:55:00-05:00,38491.96,3849196.0,0.0031912730505355,0.3619494413642458,1.0,1.0,0.3387044270833428,0.4361821184136545,204.80617723560115,-0.0974776913303117,0.0,204.70869954427084,204.80617723560115,204.3699951171875,0.0974776913303117,False,0.0974776913303117,False
SPY,2026-01-26 11:05:00-05:00,50379.8,5037980.0,0.0011182057095997,0.2941109996771321,1.0,1.0,0.1391652425131724,0.1505241496386133,693.000499735576,-0.0113589071253272,1.1368683772161605e-13,692.9891408284507,693.0004997355761,692.8499755859375,0.0113589071254409,False,0.0113589071254409,False
SPY,2026-01-26 11:55:00-05:00,41717.99,4171799.0,0.0008867127316872,0.3363287864600409,1.0,1.0,0.2968699137366002,0.3007529314245403,693.4207480486122,-0.0038830176880537,-1.1368683772161605e-13,693.4168650309241,693.420748048612,693.1199951171875,0.00388301768794,False,0.00388301768794,False
SPY,2025-12-02 15:45:00-05:00,187264.51,18726451.0,0.0032866392433912,0.6604225926841663,1.0,1.0,-1.2721354166666288,-1.2568265181633933,681.2024019974617,-0.0153088985033491,-1.1368683772161605e-13,681.1870930989584,681.2024019974616,682.459228515625,0.0153088985032354,False,0.0153088985032354,False
AAPL,2025-12-08 09:40:00-05:00,37110.5,3711050.0,0.0031608173132457,0.217524158960206,1.0,1.0,-0.0824762980143418,-0.0823792890541312,277.8076353593833,-9.700896015374384e-05,5.684341886080803e-14,277.80753835042316,277.80763535938337,277.8900146484375,9.700896021058723e-05,False,9.700896021058723e-05,False
AMZN,2026-02-10 14:05:00-05:00,33611.22,3361122.0,0.0037341185073911,0.2586537827624228,1.0,1.0,-0.1579259236654024,-0.2159962046414705,207.9890056264132,0.058070280976068,0.0,208.04707590738929,207.9890056264132,208.2050018310547,-0.058070280976068,True,-0.058070280976068,True
AAPL,2026-01-12 11:00:00-05:00,30990.62,3099062.0,0.0041968716349568,0.2039862822812075,1.0,1.0,0.5608851114909044,0.6157079081154961,260.2657018045998,-0.0548227966245349,5.684341886080803e-14,260.2108790079753,260.26570180459987,259.6499938964844,0.0548227966245917,False,0.0548227966245917,False
SPY,2025-12-30 10:00:00-05:00,60489.14,6048914.0,0.0012769528785229,0.303853367184102,1.0,1.0,-0.6526031494141762,-0.6570330729864509,687.1429547199824,0.0044299235721609,-1.1368683772161605e-13,687.1473846435546,687.1429547199823,687.7999877929688,-0.0044299235722746,True,-0.0044299235722746,True
AMZN,2026-01-16 15:40:00-05:00,92677.09,9267709.0,0.0247863965532691,1.070443459700266,1.0,1.0,-3.6449839274089015,-4.188096783196698,234.34190199610012,0.5431128557878537,5.684341886080803e-14,234.88501485188797,234.34190199610015,238.52999877929688,-0.5431128557877969,True,-0.5431128557877969,True
MSFT,2026-01-15 09:50:00-05:00,27938.26,2793826.0,0.0054508933651127,0.374550035199141,0.9999999999999998,1.0,-0.37650044759107,-0.4714211280925156,458.99256812972,0.0949206805014455,0.0,459.08748881022143,458.99256812972,459.4639892578125,-0.0949206805014455,True,-0.0949206805014455,True
SPY,2026-01-13 15:25:00-05:00,244762.83,24476283.0,0.0043294967319557,0.5287941842121058,1.0,1.0,-0.420415242512945,-0.1256879639209955,691.8743120360791,-0.2947272785920631,-1.1368683772161605e-13,691.579584757487,691.874312036079,692.0,0.2947272785919494,False,0.2947272785919494,False
AMZN,2025-12-15 15:20:00-05:00,80862.43000000001,8086243.0,0.0064957008950467,1.1664365182296577,0.9999999999999998,1.0,-0.0958429972330066,-0.1559944625022353,222.4390067582009,0.0601514652692287,0.0,222.49915822347012,222.4390067582009,222.59500122070312,-0.0601514652692287,True,-0.0601514652692287,True
NVDA,2026-02-05 10:55:00-05:00,176966.25,17696625.0,0.011032426042999,0.1931982368522689,1.0,1.0,0.6419741312662666,0.7298726529912472,173.9098653287725,-0.0878985217249805,0.0,173.82196680704752,173.9098653287725,173.17999267578125,0.0878985217249805,False,0.0878985217249805,False
MSFT,2026-02-06 14:45:00-05:00,27603.85,2760385.0,0.0022954851939298,0.1825450773162105,1.0,1.0,0.0336354573567518,0.0479062151870266,399.7277157854994,-0.0142707578302179,5.684341886080803e-14,399.71344502766925,399.7277157854995,399.6798095703125,0.0142707578302747,False,0.0142707578302747,False
MSFT,2026-01-06 13:20:00-05:00,10859.26,1085926.0,0.0034136591764902,0.230701511294738,1.0,1.0,0.8648757934570881,0.8828723712500732,475.55908086734377,-0.0179965777929282,5.684341886080803e-14,475.5410842895509,475.5590808673438,474.67620849609375,0.0179965777929851,False,0.0179965777929851,False
AMZN,2026-02-12 10:30:00-05:00,123107.3,12310730.0,0.0088385147137215,0.3419955251157127,1.0,1.0,-2.511919657389285,-2.467411264133318,198.94259239797609,-0.0445083932559953,-2.8421709430404014e-14,198.8980840047201,198.94259239797603,201.41000366210935,0.0445083932559668,False,0.0445083932559668,False
AMZN,2025-12-03 12:20:00-05:00,15991.51,1599151.0,0.0017242737822404,0.198070670710087,1.0,1.0,-0.2146135965983262,-0.2198917422352906,232.3701045956553,0.0052781456369928,2.8421709430404014e-14,232.37538274129233,232.37010459565536,232.58999633789065,-0.0052781456369643,True,-0.0052781456369643,True
AMZN,2026-01-26 14:55:00-05:00,21860.36,2186036.0,0.0041643044834654,0.5028657730231834,1.0,1.0,0.0824038187662949,-0.036430362390746,239.27367400772644,0.118834181157041,0.0,239.39250818888348,239.27367400772644,239.3101043701172,-0.118834181157041,True,-0.118834181157041,True
SPY,2026-02-11 13:05:00-05:00,71652.26,7165226.0,0.0017940353190454,0.429721480518547,1.0,1.0,0.4229278564453125,0.3567811411206776,692.4017640512768,0.0661467153247485,1.1368683772161605e-13,692.4679107666016,692.4017640512769,692.0449829101562,-0.0661467153246349,True,-0.0661467153246349,True
SPY,2025-12-01 10:40:00-05:00,52380.28,5238028.0,0.0025191501439514,0.455427486248384,1.0,1.0,0.8972320556640625,0.9773309783815876,681.107335861194,-0.0800989227174113,1.1368683772161605e-13,681.0272369384766,681.1073358611941,680.1300048828125,0.080098922717525,False,0.080098922717525,False
AMZN,2026-01-23 13:55:00-05:00,15497.78,1549778.0,0.0024586352219766,0.1911009374065227,1.0,1.0,0.4356193542480753,0.445201528768024,239.53680003951024,-0.0095821745199771,-2.8421709430404014e-14,239.52721786499023,239.5368000395102,239.0915985107422,0.0095821745199486,False,0.0095821745199486,False
SPY,2026-01-21 14:05:00-05:00,256615.43,25661543.0,0.0062488189623367,0.6749158029492627,1.0,1.0,4.5308329264323675,5.86095098733324,686.1009412217084,-1.3301180609009862,-1.1368683772161605e-13,684.7708231608074,686.1009412217082,680.239990234375,1.3301180609008725,False,1.3301180609008725,False
MSFT,2026-01-20 10:10:00-05:00,25856.06,2585606.0,0.0034693310183795,0.4439906208047206,0.9999999999999996,1.0,1.0206476847331487,1.0198603156923127,453.80986886061424,0.0007873690407791,-5.684341886080803e-14,453.810656229655,453.8098688606142,452.7900085449219,-0.0007873690408359,True,-0.0007873690408359,True
SPY,2026-01-22 15:05:00-05:00,178397.66,17839766.0,0.002333161699111,0.6360320489502739,1.0,1.0,-0.3537546793620549,-0.442261737617514,688.4327382623824,0.0885070582555727,1.1368683772161605e-13,688.521245320638,688.4327382623825,688.875,-0.088507058255459,True,-0.088507058255459,True
AMZN,2026-02-19 10:30:00-05:00,33934.62,3393462.0,0.0050073884315667,0.1747264615225129,1.0,1.0,0.5290743509928006,0.5867277670745352,204.73682847508232,-0.0576534160817061,2.8421709430404014e-14,204.6791750590006,204.73682847508235,204.1501007080078,0.0576534160817345,False,0.0576534160817345,False
AAPL,2025-12-02 15:45:00-05:00,80944.29000000001,8094429.0,0.0069554917376235,0.7867206041070147,0.9999999999999998,1.0,0.8117141723633381,0.76667690826946,287.2466878945976,0.045037264093878,0.0,287.29172515869146,287.2466878945976,286.4800109863281,-0.045037264093878,True,-0.045037264093878,True
AAPL,2026-01-07 09:45:00-05:00,52133.04,5213304.0,0.0047218504255082,0.2694800954705219,0.9999999999999996,1.0,-0.3774820963540719,-0.3630670007148069,261.86694398561326,-0.0144150956392081,5.684341886080803e-14,261.85252888997405,261.8669439856133,262.2300109863281,0.014415095639265,False,0.014415095639265,False
MSFT,2025-12-19 15:50:00-05:00,55668.54,5566854.0,0.00571303831137,0.9994880804850176,0.9999999999999998,1.0,-1.0870742797849289,-0.433742470010884,485.3012428815515,-0.653331809773988,5.684341886080803e-14,484.6479110717776,485.3012428815516,485.7349853515625,0.6533318097740448,False,0.6533318097740448,False
AAPL,2026-01-23 14:10:00-05:00,19081.73,1908173.0,0.0033743657401037,0.2239948019618795,1.0,1.0,0.1200790405273153,0.1007770138196235,247.87078128628065,0.0193020267076349,-5.684341886080803e-14,247.89008331298828,247.8707812862806,247.77000427246097,-0.0193020267076917,True,-0.0193020267076917,True
AAPL,2026-01-08 11:55:00-05:00,26764.29,2676429.0,0.0028913184385085,0.1320773558320041,0.9999999999999998,1.0,-0.4710108439127225,-0.4704583388994479,257.22454898531936,-0.0005525050133314,-5.684341886080803e-14,257.223996480306,257.2245489853193,257.69500732421875,0.0005525050132746,False,0.0005525050132746,False
AAPL,2025-12-04 11:50:00-05:00,21393.83,2139383.0,0.0025870072328995,0.1747251920361325,1.0,1.0,-0.5123672485351562,-0.5167141767387307,280.2233981279488,0.0043469282035175,-5.684341886080803e-14,280.22774505615234,280.22339812794877,280.7401123046875,-0.0043469282035744,True,-0.0043469282035744,True
MSFT,2026-01-05 13:45:00-05:00,13250.84,1325084.0,0.0022417787854114,0.1638613245292078,1.0,1.0,-0.2536290486654593,-0.282947471502041,474.90205008709165,0.0293184228366385,5.684341886080803e-14,474.9313685099283,474.9020500870917,475.18499755859375,-0.0293184228365817,True,-0.0293184228365817,True
NVDA,2026-02-19 14:40:00-05:00,76549.06,7654906.0,0.003744162409077,0.2898409906315892,1.0,1.0,0.1911951700846543,0.2369678414789007,186.86697272429143,-0.0457726713942747,-2.8421709430404014e-14,186.82120005289715,186.8669727242914,186.6300048828125,0.0457726713942463,False,0.0457726713942463,False
MSFT,2026-01-09 14:10:00-05:00,8209.65,820965.0,0.0012028508389399,0.2594908911929737,1.0,0.9999999999999998,0.2520853678385037,0.2804828397971732,478.68047673628143,-0.0283974719585557,1.1368683772161605e-13,478.6520792643229,478.68047673628155,478.3999938964844,0.0283974719586694,False,0.0283974719586694,False
SPY,2026-02-24 14:05:00-05:00,61822.62,6182262.0,0.0006002855618858,0.2952884254455816,1.0,1.0,-0.1878051757813637,-0.1916383581556147,687.0483518762194,0.003833182374251,0.0,687.0521850585936,687.0483518762194,687.239990234375,-0.003833182374251,True,-0.003833182374251,True
SPY,2026-01-20 15:20:00-05:00,347883.45,34788345.0,0.0037417068601003,0.7517288874658459,0.9999999999999998,0.9999999999999998,1.01979064941429,1.2016331530930984,678.3716160632492,-0.1818425036786948,1.1368683772161605e-13,678.1897735595705,678.3716160632493,677.1699829101562,0.1818425036788085,False,0.1818425036788085,False
SPY,2025-12-03 09:35:00-05:00,100769.48,10076948.0,0.0030330620666509,0.3891228341052321,1.0,1.0,0.5775705973306913,0.5747142268700145,681.3247142268699,0.0028563704607904,1.1368683772161605e-13,681.3275705973307,681.32471422687,680.75,-0.0028563704606767,True,-0.0028563704606767,True
MSFT,2026-01-22 14:55:00-05:00,19067.63,1906763.0,0.0028394086175706,0.3047636874430293,0.9999999999999998,1.0,0.59609476725268,0.6103429879792657,450.6053381051668,-0.0142482207265857,0.0,450.5910898844402,450.6053381051668,449.9949951171875,0.0142482207265857,False,0.0142482207265857,False
SPY,2025-12-10 11:30:00-05:00,42981.04,4298104.0,0.0009101707266146,0.223811133359569,1.0,0.9999999999999996,-0.3870798746744412,-0.3636814197611784,683.4463161388322,-0.0233984549129218,3.410605131648481e-13,683.4229176839193,683.4463161388326,683.8099975585938,0.0233984549132628,False,0.0233984549132628,False
MSFT,2025-12-08 13:25:00-05:00,8438.78,843878.0,0.0021156329803926,0.1846904875880131,1.0,1.0,-0.5733846028645644,-0.5839430803385994,490.3065598493489,0.010558477474035,0.0,490.31711832682294,490.3065598493489,490.8905029296875,-0.010558477474035,True,-0.010558477474035,True
NVDA,2026-01-09 12:45:00-05:00,79094.79000000001,7909479.0,0.0022663534294859,0.1444407081443956,0.9999999999999998,1.0,0.007083892822294,0.0035276061596789,185.03352638545655,0.003556286662615,0.0,185.03708267211917,185.03352638545655,185.02999877929688,-0.003556286662615,True,-0.003556286662615,True
AAPL,2026-01-12 14:30:00-05:00,26545.47,2654547.0,0.0020225408067115,0.2529022088264542,1.0,1.0,0.0642522176106581,0.0878638725770883,260.89786143117084,-0.0236116549664302,0.0,260.8742497762044,260.89786143117084,260.80999755859375,0.0236116549664302,False,0.0236116549664302,False
SPY,2026-01-16 14:30:00-05:00,64344.39,6434439.0,0.0007909214499397,0.2209000842109709,1.0,1.0,0.1880849202474337,0.169590760117444,692.6095932015238,0.018494160129876,-1.1368683772161605e-13,692.6280873616537,692.6095932015237,692.4400024414062,-0.0184941601299897,True,-0.0184941601299897,True
AMZN,2026-01-29 14:55:00-05:00,45973.33,4597333.0,0.0050237365037242,0.6561793049885315,1.0,1.0,1.0909271240235228,1.5058712595707109,240.675869428516,-0.4149441355471879,0.0,240.26092529296884,240.675869428516,239.1699981689453,0.4149441355471879,False,0.4149441355471879,False
SPY,2026-01-05 10:20:00-05:00,96309.81,9630981.0,0.0013668352966105,0.3260636930610904,1.0,1.0,0.2116495768228787,0.231653704704513,688.3216805601733,-0.0200041278816343,0.0,688.3016764322916,688.3216805601733,688.0900268554688,0.0200041278816343,False,0.0200041278816343,False
AMZN,2026-02-04 11:15:00-05:00,34513.98,3451398.0,0.0077801833948702,0.2914929245717502,1.0,1.0,-0.7316703796387003,-0.8823399550606439,235.27766370704873,0.1506695754219151,-2.8421709430404014e-14,235.42833328247065,235.2776637070487,236.16000366210935,-0.1506695754219436,True,-0.1506695754219436,True
MSFT,2025-12-08 13:40:00-05:00,9334.19,933419.0,0.0020754738565251,0.1944218851605231,1.0,1.0,-0.2348073323567518,-0.2397194169142835,490.14529034871066,0.0049120845575885,5.684341886080803e-14,490.15020243326825,490.1452903487107,490.385009765625,-0.0049120845575316,True,-0.0049120845575316,True
NVDA,2026-01-20 14:15:00-05:00,105590.89,10559089.0,0.0033944195237668,0.2276697168935413,0.9999999999999998,1.0,-0.0256080627441122,-0.0650652338489123,179.32493415579953,0.0394571711048001,0.0,179.36439132690433,179.32493415579953,179.38999938964844,-0.0394571711048001,True,-0.0394571711048001,True
AAPL,2026-02-19 10:50:00-05:00,17468.18,1746818.0,0.0046939960092895,0.1940111849096559,1.0,1.0,0.2669016520181912,0.2661134473409561,263.6861268750753,0.000788204677292,5.684341886080803e-14,263.68691507975257,263.68612687507533,263.4200134277344,-0.0007882046772351,True,-0.0007882046772351,True
SPY,2026-02-10 10:25:00-05:00,73318.98,7331898.0,0.0016697264806455,0.2552072632116403,1.0,1.0,-0.5292053222657387,-0.5745419551280975,695.3454409550283,0.045336632862245,-1.1368683772161605e-13,695.3907775878905,695.3454409550282,695.9199829101562,-0.0453366328623587,True,-0.0453366328623587,True
AMZN,2026-02-09 11:40:00-05:00,94963.66,9496366.0,0.0101618859575668,0.3692313383568738,1.0,1.0,0.7309557596842637,0.953108905050044,210.9714041931359,-0.2221531453657235,5.684341886080803e-14,210.74925104777017,210.97140419313595,210.0182952880859,0.2221531453657803,False,0.2221531453657803,False
NVDA,2026-01-09 12:10:00-05:00,94723.75,9472375.0,0.0028578714986671,0.186934653909393,1.0,1.0,-0.0992380777994696,-0.1023793540742019,184.9678263344024,0.0031412762747038,-2.8421709430404014e-14,184.9709676106771,184.96782633440236,185.07020568847656,-0.0031412762747322,True,-0.0031412762747322,True
NVDA,2026-02-12 09:55:00-05:00,206643.71,20664371.0,0.0080438124129805,0.2170655062532475,1.0,1.0,-0.5567792256673556,-0.5819995290017346,190.8679974192404,0.0252203033344073,2.8421709430404014e-14,190.89321772257483,190.86799741924045,191.4499969482422,-0.0252203033343789,True,-0.0252203033343789,True
NVDA,2026-01-09 15:50:00-05:00,237986.76,23798676.0,0.0089301831286321,0.5674761602755233,1.0,1.0,0.0976893107095691,0.1361175311448335,185.0361114276293,-0.0384282204352928,-2.8421709430404014e-14,184.99768320719397,185.03611142762924,184.8999938964844,0.0384282204352643,False,0.0384282204352643,False
SPY,2026-01-28 15:55:00-05:00,258649.64,25864964.0,0.0047450898918605,0.4351445936709176,1.0,1.0,-3.1419067382811363,-2.457324878145073,692.9726677976364,-0.6845818601362907,-2.273736754432321e-13,692.2880859375001,692.9726677976362,695.4299926757812,0.6845818601360634,False,0.6845818601360634,False
NVDA,2026-02-19 10:05:00-05:00,143776.6,14377660.0,0.0067710807962843,0.2078174656199197,1.0,1.0,0.4233067830403172,0.4399119596003231,187.84941208167064,-0.0166051765600343,-2.8421709430404014e-14,187.83280690511063,187.84941208167064,187.4095001220703,0.0166051765600059,False,0.0166051765600059,False
MSFT,2025-12-22 13:55:00-05:00,8771.36,877136.0,0.0013326344035963,0.2809658717924382,1.0,1.0,-0.2060241699218181,-0.2523893040166172,485.5475984889522,0.0463651340946853,-1.1368683772161605e-13,485.5939636230469,485.5475984889521,485.7999877929687,-0.046365134094799,True,-0.046365134094799,True
NVDA,2026-02-06 11:30:00-05:00,162173.69,16217369.0,0.0048643757373727,0.3008502587680665,1.0,1.0,-0.2256215413411837,-0.2401664606575195,183.74983903250657,0.0145449193163642,2.8421709430404014e-14,183.7643839518229,183.74983903250657,183.9900054931641,-0.0145449193163358,True,-0.0145449193163358,True
MSFT,2025-12-18 11:50:00-05:00,19021.2,1902120.0,0.0041746102224538,0.9940121511300342,1.0,1.0,-1.8275375366211504,-1.6886170945738286,486.14136947769174,-0.1389204420472651,5.684341886080803e-14,486.0024490356445,486.1413694776918,487.8299865722656,0.138920442047322,False,0.138920442047322,False
MSFT,2026-01-26 15:50:00-05:00,61427.84,6142784.0,0.0158561733169404,0.6411410342634016,0.9999999999999998,1.0,5.588890075683651,4.963454529733895,475.64396600434327,0.625435545949756,0.0,476.269401550293,475.64396600434327,470.6805114746094,-0.625435545949756,True,-0.625435545949756,True
MSFT,2026-02-17 12:00:00-05:00,20577.99,2057799.0,0.0053417488980971,0.3288905712664689,1.0,1.0,-1.875404357910156,-2.054666645411885,396.5003260303695,0.1792622875016718,-5.684341886080803e-14,396.6795883178711,396.5003260303694,398.5549926757813,-0.1792622875017286,True,-0.1792622875017286,True
AMZN,2025-12-08 14:00:00-05:00,17871.04,1787104.0,0.0018009079849508,0.1279806189111595,1.0,1.0,0.1487401326496638,0.1446846199626748,226.9596870613689,0.0040555126870174,2.8421709430404014e-14,226.9637425740559,226.95968706136892,226.81500244140625,-0.004055512686989,True,-0.004055512686989,True
AAPL,2025-12-22 11:25:00-05:00,21024.9,2102490.0,0.0015496091604952,0.132440924237089,1.0,1.0,-0.3865356445313068,-0.4050968085961131,272.03490563281014,0.0185611640648062,0.0,272.05346679687494,272.03490563281014,272.44000244140625,-0.0185611640648062,True,-0.0185611640648062,True
SPY,2026-02-06 13:45:00-05:00,61630.87,6163087.0,0.0012388073119783,0.1640290503306483,0.9999999999999998,1.0,-0.3018442789712026,-0.2928245801231242,689.2221900683144,-0.0090196988480784,0.0,689.2131703694663,689.2221900683144,689.5150146484375,0.0090196988480784,False,0.0090196988480784,False
AMZN,2025-12-29 09:45:00-05:00,20084.06,2008406.0,0.0039315926401531,0.2520384860601118,0.9999999999999998,0.9999999999999998,-0.1004117329914606,-0.0950636913997868,232.1049332568423,-0.0053480415915601,1.1368683772161605e-13,232.09958521525073,232.1049332568424,232.1999969482422,0.0053480415916737,False,0.0053480415916737,False
MSFT,2026-02-17 13:00:00-05:00,17891.850000000002,1789185.0,0.0034306938959202,0.3668812061595988,0.9999999999999998,1.0,1.0763778686524006,1.0571675153011597,396.7971577496762,0.019210353351184,-5.684341886080803e-14,396.8163681030274,396.79715774967616,395.739990234375,-0.0192103533512408,True,-0.0192103533512408,True
MSFT,2026-01-26 13:45:00-05:00,11488.98,1148898.0,0.002164388080436,0.2797045889086481,1.0,1.0,0.4156672159828645,0.4403923252493769,472.7204826572806,-0.0247251092664555,5.684341886080803e-14,472.69575754801417,472.7204826572807,472.2800903320313,0.0247251092665123,False,0.0247251092665123,False
MSFT,2026-01-20 12:35:00-05:00,11090.99,1109099.0,0.0026567354761578,0.2239527839689682,1.0,1.0,0.0736465454100425,0.0529165191544507,453.6030263824358,0.0207300262555349,-5.684341886080803e-14,453.62375640869135,453.60302638243576,453.5501098632813,-0.0207300262555918,True,-0.0207300262555918,True
SPY,2026-01-13 12:50:00-05:00,66801.59,6680159.0,0.0016223549998612,0.3539737429987392,0.9999999999999998,1.0,-0.2870788574217613,-0.3387177844767848,693.0312773327106,0.0516389270551371,1.1368683772161605e-13,693.0829162597657,693.0312773327107,693.3699951171875,-0.0516389270550234,True,-0.0516389270550234,True
NVDA,2025-12-05 11:15:00-05:00,113706.12,11370612.0,0.0037058817368923,0.2489999344647386,1.0,1.0,0.1164779663086506,0.1028430019523796,182.02284117089772,0.0136349643562425,-2.8421709430404014e-14,182.03647613525396,182.0228411708977,181.9199981689453,-0.0136349643562709,True,-0.0136349643562709,True
AMZN,2025-12-23 09:40:00-05:00,45378.35,4537835.0,0.004312084705885,0.2938656866591372,1.0,1.0,-0.4253336588541572,-0.2935602878270913,230.8164403225244,-0.131773371027009,5.684341886080803e-14,230.6846669514974,230.81644032252447,231.11000061035156,0.1317733710270658,False,0.1317733710270658,False
NVDA,2026-02-23 09:30:00-05:00,590895.34,59089534.0,0.0083670701223236,1.1334709733944035,1.0,1.0,-1.1066818237304688,-0.8008251097407424,192.269182214478,-0.3058567139897263,0.0,191.96332550048828,192.269182214478,193.07000732421875,0.3058567139897263,False,0.3058567139897263,False
MSFT,2026-02-04 10:15:00-05:00,47275.11,4727511.0,0.0091879727836775,0.3328574590407738,1.0,1.0,2.242332458496207,2.394085168287859,415.999096154616,-0.1517527097916513,0.0,415.84734344482433,415.999096154616,413.6050109863281,0.1517527097916513,False,0.1517527097916513,False
AMZN,2026-02-19 11:25:00-05:00,30073.21,3007321.0,0.0024307033982222,0.181680501976153,1.0,1.0,-0.1961466471353787,-0.1828433162328337,205.0471524113062,-0.0133033309025449,0.0,205.03384908040368,205.0471524113062,205.22999572753903,0.0133033309025449,False,0.0133033309025449,False
SPY,2025-11-28 11:30:00-05:00,96144.22,9614422.0,0.0006138455323729,0.5426608996618517,1.0,1.0,0.1507059733072537,0.150776607285934,682.6107985799422,-7.063397868023458e-05,0.0,682.6107279459635,682.6107985799422,682.4600219726562,7.063397868023458e-05,False,7.063397868023458e-05,False
AAPL,2025-12-02 10:55:00-05:00,48442.36,4844236.0,0.0045888252139094,0.4544388334867668,1.0,1.0,-1.0046463012695312,-0.7890134640493329,286.1664919070444,-0.2156328372201983,0.0,285.9508590698242,286.1664919070444,286.95550537109375,0.2156328372201983,False,0.2156328372201983,False
MSFT,2026-02-25 12:10:00-05:00,519195.31,51919531.0,0.0021400222507987,1.072878081297252,0.5826617636434349,1.0,0.2033622051534962,0.0872993545222016,397.7073860244441,0.1160628506312946,0.0,397.82344887507537,397.7073860244441,397.6200866699219,-0.1160628506312946,True,-0.1160628506312946,True
MSFT,2026-01-13 13:05:00-05:00,13158.21,1315821.0,0.0027625918155887,0.2631808621520194,1.0,1.0,0.2858149210612168,0.2841267645834477,468.04914141302095,0.001688156477769,0.0,468.0508295694987,468.04914141302095,467.7650146484375,-0.001688156477769,True,-0.001688156477769,True
SPY,2026-02-18 15:20:00-05:00,217486.73,21748673.0,0.004366179232978,0.7978017721688698,1.0,1.0,0.7027587890625,1.0005003629744351,685.3554808317244,-0.2977415739119351,0.0,685.0577392578125,685.3554808317244,684.35498046875,0.2977415739119351,False,0.2977415739119351,False
NVDA,2025-12-11 12:35:00-05:00,105642.06,10564206.0,0.0033118194075328,0.3331753613534147,1.0,1.0,-0.044003804524749,0.0077003600925991,179.0474952819676,-0.0517041646173481,0.0,178.99579111735025,179.0474952819676,179.039794921875,0.0517041646173481,False,0.0517041646173481,False
SPY,2026-02-20 15:00:00-05:00,151415.39,15141539.0,0.001536436820147,0.8360378118007182,1.0,1.0,0.16763814290357,0.3167542091568975,688.9270447365008,-0.1491160662534412,-1.1368683772161605e-13,688.7779286702473,688.9270447365006,688.6102905273438,0.1491160662533275,False,0.1491160662533275,False
SPY,2025-12-02 10:25:00-05:00,105557.36,10555736.0,0.0036496987096569,0.2000512276285956,1.0,1.0,0.6137390136717613,0.508267065722066,682.0882841555658,0.1054719479496952,0.0,682.1937561035155,682.0882841555658,681.5800170898438,-0.1054719479496952,True,-0.1054719479496952,True
NVDA,2026-02-05 11:45:00-05:00,120078.76,12007876.0,0.0061547849132063,0.2392066519542291,1.0,1.0,-0.0920346577962334,-0.0733097033041758,175.09989281134423,-0.0187249544920291,2.8421709430404014e-14,175.0811678568522,175.09989281134426,175.17320251464844,0.0187249544920575,False,0.0187249544920575,False
AAPL,2026-02-23 13:00:00-05:00,134422.53,13442253.0,0.0035518633131835,1.8191437916958728,0.8995124366428754,1.0,0.1830441622147418,0.5158507342085841,268.96586294123983,-0.3328065719938422,0.0,268.633056369246,268.96586294123983,268.45001220703125,0.3328065719938422,False,0.3328065719938422,False
MSFT,2026-01-07 13:20:00-05:00,11550.81,1155081.0,0.0029696857329193,0.1574793623789072,1.0,1.0,-0.9807408650715388,-1.0870440690458167,487.5429608137668,0.1063032039741642,-1.1368683772161605e-13,487.64926401774096,487.5429608137667,488.6300048828125,-0.1063032039742779,True,-0.1063032039742779,True
AMZN,2026-02-19 15:30:00-05:00,89681.5,8968150.0,0.011388489480174,1.0532881281462068,1.0,1.0,1.0890858968099053,1.556305390836087,205.8763127150548,-0.4672194940261533,2.8421709430404014e-14,205.40909322102863,205.87631271505484,204.32000732421875,0.4672194940261818,False,0.4672194940261818,False
MSFT,2025-12-24 10:20:00-05:00,7838.74,783874.0,0.0020979336407395,0.2250264618418277,1.0,1.0,0.0917510986327556,0.0798848150552657,487.88988237364896,0.0118662835775467,5.684341886080803e-14,487.9017486572265,487.889882373649,487.80999755859375,-0.0118662835774898,True,-0.0118662835774898,True
MSFT,2025-12-19 12:40:00-05:00,8837.28,883728.0,0.0010232735415881,0.3338856077970003,1.0,1.0,0.110260009765625,0.1161668517192993,485.166154644688,-0.0059068419536743,0.0,485.1602478027343,485.166154644688,485.0499877929687,0.0059068419536743,False,0.0059068419536743,False
NVDA,2026-01-02 09:35:00-05:00,269032.33,26903233.0,0.0092824753350361,0.2704344949908785,1.0,1.0,0.3509763081868584,0.3994733780544379,191.39787120520288,-0.0484970698675795,0.0,191.3493741353353,191.39787120520288,190.99839782714844,0.0484970698675795,False,0.0484970698675795,False
AAPL,2026-01-16 10:35:00-05:00,27895.86,2789586.0,0.0021113591237327,0.1777393786821846,1.0,1.0,0.1975886027018987,0.1884973848784739,256.47850592980035,0.0090912178234248,0.0,256.4875971476238,256.47850592980035,256.2900085449219,-0.0090912178234248,True,-0.0090912178234248,True
